{
    "reviews": [
        {
            "title": "Minecraft",
            "rating": 8,
            "review": "A game of endless exploration and creativity.",
            "url": "images/Minecraft_cover.png"
        },
        {
            "title": "Helldivers 2",
            "rating": 10,
            "review": "This review has been redacted due to undemocratic actions by the reviewer.",
            "url": "images/Helldivers2cover.png"
        },
        {
            "title": "Persona 3: Reload",
            "rating": 9,
            "review": "Dramatic RPG and Life Sim hybrid.",
            "url": "images/Persona_3_Reload_box_art.jpg"
        },
        {
          "title": "Hades",
          "rating": 8.5,
          "review": "Fast paced Rogue-Lite with lots to do.",
          "url": "images/Hades_cover_art.jpg"
        },
        {
            "title": "Fallout 4",
            "rating": 7,
            "review": "A gritty survival rpg set in the post apocalypse.",
            "url": "images/Fallout_4_cover_art.jpg"
        },
        {
            "title": "Terraria",
            "rating": 9.5,
            "review": "A great game of journey and exploration filled with amazing bosses.",
            "url": "images/Terraria_Steam_artwork.jpg"
        }
    ]
  }

